ProjectLogID,OrderID,LineID,ProgramName,OperatorID,JobStartTimestamp,JobEndTimestamp,PlannedQty,ProducedGoodQty,ProducedRejectQty,TotalStoppageMinutes,Status
PLOG-00001,ORD-1404-0001,LINE-A,PRG_ORD-1404-0001,EMP-001,1404/10/30 10:15:00,1404/10/30 16:50:47,61,59,2,0,Completed
PLOG-00002,ORD-1404-0002,LINE-B,PRG_ORD-1404-0002,EMP-006,1404/11/01 09:42:00,1404/11/01 10:18:30,31,31,0,0,Completed
PLOG-00003,ORD-1404-0003,LINE-A,PRG_ORD-1404-0003,EMP-002,1404/11/02 13:42:00,1404/11/04 09:00:05,30,30,0,0,Completed
PLOG-00004,ORD-1404-0004,LINE-B,PRG_ORD-1404-0004,EMP-006,1404/11/02 09:41:00,1404/11/02 13:40:13,30,29,1,0,Completed
PLOG-00005,ORD-1404-0005,LINE-B,PRG_ORD-1404-0005,EMP-007,1404/11/02 11:58:00,1404/11/04 09:09:30,45,45,0,96,Completed
PLOG-00006,ORD-1404-0006,LINE-A,PRG_ORD-1404-0006,EMP-001,1404/11/04 08:06:00,1404/11/04 14:13:09,46,46,0,9,Completed
PLOG-00007,ORD-1404-0007,LINE-A,PRG_ORD-1404-0007,EMP-001,1404/11/04 07:00:00,1404/11/04 15:08:58,78,78,0,15,Completed
PLOG-00008,ORD-1404-0008,LINE-B,PRG_ORD-1404-0008,EMP-006,1404/11/01 12:25:00,1404/11/01 14:40:47,12,12,0,102,Completed
PLOG-00009,ORD-1404-0009,LINE-B,PRG_ORD-1404-0009,EMP-006,1404/11/04 07:02:00,1404/11/04 21:30:03,191,189,2,171,Completed
PLOG-00010,ORD-1404-0010,LINE-B,PRG_ORD-1404-0010,EMP-010,1404/11/04 07:48:00,1404/11/04 10:57:34,29,28,1,0,Completed
PLOG-00011,ORD-1404-0011,LINE-A,PRG_ORD-1404-0011,EMP-005,1404/11/05 13:15:00,1404/11/05 17:31:10,27,27,0,77,Completed
PLOG-00012,ORD-1404-0012,LINE-A,PRG_ORD-1404-0012,EMP-001,1404/11/04 07:08:00,1404/11/04 08:03:45,7,7,0,0,Completed
PLOG-00013,ORD-1404-0013,LINE-A,PRG_ORD-1404-0013,EMP-004,1404/11/02 09:26:00,1404/11/02 11:11:38,24,24,0,0,Completed
PLOG-00014,ORD-1404-0014,LINE-B,PRG_ORD-1404-0014,EMP-006,1404/11/06 13:07:00,1404/11/06 15:39:30,88,88,0,0,Completed
PLOG-00015,ORD-1404-0015,LINE-B,PRG_ORD-1404-0015,EMP-008,1404/11/07 08:33:00,1404/11/07 17:06:37,55,55,0,16,Completed
PLOG-00016,ORD-1404-0016,LINE-A,PRG_ORD-1404-0016,EMP-001,1404/11/07 10:50:00,1404/11/08 15:17:09,179,174,5,0,Completed
PLOG-00017,ORD-1404-0017,LINE-A,PRG_ORD-1404-0017,EMP-003,1404/11/05 08:32:00,1404/11/05 18:05:29,86,86,0,0,Completed
PLOG-00018,ORD-1404-0018,LINE-A,PRG_ORD-1404-0018,EMP-004,1404/11/05 11:22:00,1404/11/05 12:25:50,56,54,2,10,Completed
PLOG-00019,ORD-1404-0019,LINE-B,PRG_ORD-1404-0019,EMP-006,1404/11/05 09:40:00,1404/11/05 21:11:50,89,86,3,0,Completed
PLOG-00020,ORD-1404-0020,LINE-A,PRG_ORD-1404-0020,EMP-005,1404/11/08 08:12:00,1404/11/08 13:52:42,57,56,1,0,Completed
PLOG-00021,ORD-1404-0021,LINE-B,PRG_ORD-1404-0021,EMP-006,1404/11/08 11:06:00,1404/11/08 12:10:37,10,10,0,2,Completed
PLOG-00022,ORD-1404-0022,LINE-A,PRG_ORD-1404-0022,EMP-004,1404/11/08 11:13:00,1404/11/08 14:27:13,24,24,0,0,Completed
PLOG-00023,ORD-1404-0023,LINE-A,PRG_ORD-1404-0023,EMP-002,1404/11/09 11:13:00,1404/11/11 07:09:03,43,42,1,100,Completed
PLOG-00024,ORD-1404-0024,LINE-B,PRG_ORD-1404-0024,EMP-008,1404/11/07 12:54:00,1404/11/07 16:17:22,74,73,1,9,Completed
PLOG-00025,ORD-1404-0025,LINE-B,PRG_ORD-1404-0025,EMP-010,1404/11/08 14:40:00,1404/11/08 15:38:52,9,9,0,0,Completed
PLOG-00026,ORD-1404-0026,LINE-A,PRG_ORD-1404-0026,EMP-003,1404/11/09 11:59:00,1404/11/22 13:33:29,1138,1125,13,0,Completed
PLOG-00027,ORD-1404-0027,LINE-A,PRG_ORD-1404-0027,EMP-003,1404/11/07 08:03:00,1404/11/07 19:19:48,90,89,1,7,Completed
PLOG-00028,ORD-1404-0028,LINE-A,PRG_ORD-1404-0028,EMP-002,1404/11/11 07:00:00,1404/11/11 09:17:17,66,66,0,0,Completed
PLOG-00029,ORD-1404-0029,LINE-A,PRG_ORD-1404-0029,EMP-003,1404/11/11 07:00:00,1404/11/11 16:28:36,66,65,1,13,Completed
PLOG-00030,ORD-1404-0030,LINE-A,PRG_ORD-1404-0030,EMP-003,1404/11/11 10:56:00,1404/11/11 14:17:02,27,26,1,0,Completed
PLOG-00031,ORD-1404-0031,LINE-A,PRG_ORD-1404-0031,EMP-004,1404/11/11 14:17:00,1404/11/12 19:35:38,291,283,8,0,Completed
PLOG-00032,ORD-1404-0032,LINE-B,PRG_ORD-1404-0032,EMP-006,1404/11/09 13:32:00,1404/11/11 11:20:13,21,21,0,0,Completed
PLOG-00033,ORD-1404-0033,LINE-B,PRG_ORD-1404-0033,EMP-009,1404/11/11 09:44:00,1404/11/11 11:21:01,29,29,0,0,Completed
PLOG-00034,ORD-1404-0034,LINE-B,PRG_ORD-1404-0034,EMP-009,1404/11/09 14:43:00,1404/11/11 11:09:29,20,20,0,133,Completed
PLOG-00035,ORD-1404-0035,LINE-B,PRG_ORD-1404-0035,EMP-006,1404/11/11 07:00:00,1404/11/11 12:00:31,21,21,0,6,Completed
PLOG-00036,ORD-1404-0036,LINE-B,PRG_ORD-1404-0036,EMP-006,1404/11/12 13:09:00,1404/11/12 16:07:00,13,13,0,19,Completed
PLOG-00037,ORD-1404-0037,LINE-A,PRG_ORD-1404-0037,EMP-002,1404/11/11 10:37:00,1404/11/11 13:47:48,48,47,1,10,Completed
PLOG-00038,ORD-1404-0038,LINE-B,PRG_ORD-1404-0038,EMP-006,1404/11/15 12:29:00,1404/11/15 17:49:26,52,52,0,5,Completed
PLOG-00039,ORD-1404-0039,LINE-B,PRG_ORD-1404-0039,EMP-010,1404/11/16 13:33:00,1404/11/18 10:12:01,62,58,4,20,Completed
PLOG-00040,ORD-1404-0040,LINE-B,PRG_ORD-1404-0040,EMP-007,1404/11/14 11:09:00,1404/11/14 14:15:37,49,47,2,11,Completed
PLOG-00041,ORD-1404-0041,LINE-A,PRG_ORD-1404-0041,EMP-001,1404/11/18 07:00:00,1404/11/18 11:19:30,54,54,0,10,Completed
PLOG-00042,ORD-1404-0042,LINE-B,PRG_ORD-1404-0042,EMP-009,1404/11/15 14:51:00,1404/11/15 19:42:38,45,45,0,0,Completed
PLOG-00043,ORD-1404-0043,LINE-A,PRG_ORD-1404-0043,EMP-002,1404/11/18 07:02:00,1404/11/18 13:55:26,77,77,0,0,Completed
PLOG-00044,ORD-1404-0044,LINE-B,PRG_ORD-1404-0044,EMP-007,1404/11/18 09:35:00,1404/11/18 12:19:53,33,33,0,0,Completed
PLOG-00045,ORD-1404-0045,LINE-B,PRG_ORD-1404-0045,EMP-006,1404/11/18 13:50:00,1404/11/18 14:57:00,25,25,0,0,Completed
PLOG-00046,ORD-1404-0046,LINE-B,PRG_ORD-1404-0046,EMP-007,1404/11/18 07:00:00,1404/11/18 07:32:40,5,5,0,23,Completed
PLOG-00047,ORD-1404-0047,LINE-B,PRG_ORD-1404-0047,EMP-009,1404/11/19 07:48:00,1404/11/19 10:05:57,22,22,0,15,Completed
PLOG-00048,ORD-1404-0048,LINE-B,PRG_ORD-1404-0048,EMP-007,1404/11/21 11:04:00,1404/11/22 13:25:08,150,148,2,0,Completed
PLOG-00049,ORD-1404-0049,LINE-A,PRG_ORD-1404-0049,EMP-004,1404/11/22 08:25:00,1404/11/22 10:34:37,77,76,1,0,Completed
PLOG-00050,ORD-1404-0050,LINE-A,PRG_ORD-1404-0050,EMP-004,1404/11/20 14:36:00,1404/11/20 15:59:00,27,27,0,0,Completed
PLOG-00051,ORD-1404-0051,LINE-A,PRG_ORD-1404-0051,EMP-002,1404/11/22 11:39:00,1404/12/02 15:39:00,850,843,7,4,Completed
PLOG-00052,ORD-1404-0052,LINE-B,PRG_ORD-1404-0052,EMP-009,1404/11/20 10:31:00,1404/11/21 10:45:17,86,85,1,0,Completed
PLOG-00053,ORD-1404-0053,LINE-B,PRG_ORD-1404-0053,EMP-006,1404/11/20 14:55:00,1404/11/21 16:02:33,237,235,2,0,Completed
PLOG-00054,ORD-1404-0054,LINE-A,PRG_ORD-1404-0054,EMP-005,1404/11/21 14:01:00,1404/11/21 16:16:52,12,12,0,64,Completed
PLOG-00055,ORD-1404-0055,LINE-B,PRG_ORD-1404-0055,EMP-006,1404/11/21 14:34:00,1404/11/22 08:57:20,90,89,1,10,Completed
PLOG-00056,ORD-1404-0056,LINE-B,PRG_ORD-1404-0056,EMP-010,1404/11/21 13:43:00,1404/11/21 15:41:52,33,32,1,0,Completed
PLOG-00057,ORD-1404-0057,LINE-B,PRG_ORD-1404-0057,EMP-008,1404/11/25 07:00:00,1404/11/25 22:59:25,80,79,1,0,Completed
PLOG-00058,ORD-1404-0058,LINE-A,PRG_ORD-1404-0058,EMP-003,1404/11/23 11:51:00,1404/11/25 13:46:12,58,58,0,0,Completed
PLOG-00059,ORD-1404-0059,LINE-B,PRG_ORD-1404-0059,EMP-006,1404/11/23 08:13:00,1404/11/25 12:45:16,91,88,3,161,Completed
PLOG-00060,ORD-1404-0060,LINE-B,PRG_ORD-1404-0060,EMP-009,1404/11/25 07:00:00,1404/11/25 21:02:26,297,295,2,146,Completed
PLOG-00061,ORD-1404-0061,LINE-B,PRG_ORD-1404-0061,EMP-007,1404/11/22 11:34:00,1404/11/22 18:14:57,28,28,0,2,Completed
PLOG-00062,ORD-1404-0062,LINE-A,PRG_ORD-1404-0062,EMP-005,1404/11/23 08:03:00,1404/11/23 13:27:18,35,35,0,0,Completed
PLOG-00063,ORD-1404-0063,LINE-A,PRG_ORD-1404-0063,EMP-001,1404/11/26 07:29:00,1404/11/26 11:44:24,41,39,2,0,Completed
PLOG-00064,ORD-1404-0064,LINE-A,PRG_ORD-1404-0064,EMP-004,1404/11/25 07:00:00,1404/11/25 11:27:32,47,47,0,0,Completed
PLOG-00065,ORD-1404-0065,LINE-B,PRG_ORD-1404-0065,EMP-009,1404/11/25 13:49:00,1404/11/25 16:54:42,245,238,7,6,Completed
PLOG-00066,ORD-1404-0066,LINE-A,PRG_ORD-1404-0066,EMP-003,1404/11/25 10:04:00,1404/11/25 14:40:09,42,40,2,2,Completed
PLOG-00067,ORD-1404-0067,LINE-B,PRG_ORD-1404-0067,EMP-007,1404/11/29 12:10:00,1404/11/29 17:09:58,60,60,0,20,Completed
PLOG-00068,ORD-1404-0068,LINE-A,PRG_ORD-1404-0068,EMP-003,1404/11/29 10:15:00,1404/11/29 16:19:40,63,62,1,148,Completed
PLOG-00069,ORD-1404-0069,LINE-B,PRG_ORD-1404-0069,EMP-008,1404/11/27 12:42:00,1404/11/27 14:10:47,9,9,0,3,Completed
PLOG-00070,ORD-1404-0070,LINE-A,PRG_ORD-1404-0070,EMP-002,1404/11/30 10:41:00,1404/11/30 11:24:50,14,14,0,0,Completed
PLOG-00071,ORD-1404-0071,LINE-B,PRG_ORD-1404-0071,EMP-007,1404/11/29 12:29:00,1404/12/05 09:12:08,377,375,2,0,Completed
PLOG-00072,ORD-1404-0072,LINE-B,PRG_ORD-1404-0072,EMP-006,1404/12/02 07:00:00,1404/12/02 07:56:47,32,31,1,11,Completed
PLOG-00073,ORD-1404-0073,LINE-A,PRG_ORD-1404-0073,EMP-003,1404/12/02 07:00:00,1404/12/03 08:02:02,172,167,5,0,Completed
PLOG-00074,ORD-1404-0074,LINE-B,PRG_ORD-1404-0074,EMP-009,1404/12/02 12:20:00,1404/12/02 13:07:28,18,18,0,0,Completed
PLOG-00075,ORD-1404-0075,LINE-A,PRG_ORD-1404-0075,EMP-003,1404/12/02 09:45:00,1404/12/02 14:53:26,54,54,0,0,Completed
PLOG-00076,ORD-1404-0076,LINE-A,PRG_ORD-1404-0076,EMP-001,1404/12/04 10:03:00,1404/12/04 14:03:41,29,28,1,17,Completed
PLOG-00077,ORD-1404-0077,LINE-B,PRG_ORD-1404-0077,EMP-008,1404/12/05 13:39:00,1404/12/05 14:23:12,30,30,0,0,Completed
PLOG-00078,ORD-1404-0078,LINE-B,PRG_ORD-1404-0078,EMP-009,1404/12/03 07:29:00,1404/12/03 15:01:16,112,109,3,14,Completed
PLOG-00079,ORD-1404-0079,LINE-B,PRG_ORD-1404-0079,EMP-006,1404/12/04 13:34:00,1404/12/04 20:25:01,68,68,0,0,Completed
PLOG-00080,ORD-1404-0080,LINE-A,PRG_ORD-1404-0080,EMP-005,1404/12/04 11:47:00,1404/12/04 15:56:01,47,46,1,20,Completed
PLOG-00081,ORD-1404-0081,LINE-A,PRG_ORD-1404-0081,EMP-002,1404/12/07 11:40:00,1404/12/10 07:14:18,131,131,0,0,Completed
PLOG-00082,ORD-1404-0082,LINE-A,PRG_ORD-1404-0082,EMP-005,1404/12/07 08:18:00,1404/12/07 14:43:47,75,74,1,0,Completed
PLOG-00083,ORD-1404-0083,LINE-B,PRG_ORD-1404-0083,EMP-007,1404/12/09 07:00:00,1404/12/09 10:04:45,85,83,2,0,Completed
PLOG-00084,ORD-1404-0084,LINE-A,PRG_ORD-1404-0084,EMP-004,1404/12/06 13:30:00,1404/12/09 14:02:16,132,130,2,0,Completed
PLOG-00085,ORD-1404-0085,LINE-A,PRG_ORD-1404-0085,EMP-001,1404/12/06 09:31:00,1404/12/06 14:54:17,74,72,2,0,Completed
PLOG-00086,ORD-1404-0086,LINE-B,PRG_ORD-1404-0086,EMP-010,1404/12/09 14:26:00,1404/12/09 15:04:47,5,4,1,19,Completed
PLOG-00087,ORD-1404-0087,LINE-B,PRG_ORD-1404-0087,EMP-009,1404/12/09 07:00:00,1404/12/09 08:41:55,23,23,0,12,Completed
PLOG-00088,ORD-1404-0088,LINE-B,PRG_ORD-1404-0088,EMP-010,1404/12/09 07:00:00,1404/12/10 10:19:00,175,172,3,164,Completed
PLOG-00089,ORD-1404-0089,LINE-B,PRG_ORD-1404-0089,EMP-009,1404/12/09 10:54:00,1404/12/09 12:21:22,10,10,0,0,Completed
PLOG-00090,ORD-1404-0090,LINE-B,PRG_ORD-1404-0090,EMP-008,1404/12/10 07:42:00,1404/12/10 16:10:58,59,59,0,0,Completed
PLOG-00091,ORD-1404-0091,LINE-A,PRG_ORD-1404-0091,EMP-001,1404/12/12 11:21:00,1404/12/12 13:24:38,26,26,0,17,Completed
PLOG-00092,ORD-1404-0092,LINE-A,PRG_ORD-1404-0092,EMP-003,1404/12/11 11:30:00,1404/12/11 11:58:21,9,9,0,14,Completed
PLOG-00093,ORD-1404-0093,LINE-A,PRG_ORD-1404-0093,EMP-002,1404/12/11 08:00:00,1404/12/11 12:29:25,67,67,0,9,Completed
PLOG-00094,ORD-1404-0094,LINE-B,PRG_ORD-1404-0094,EMP-010,1404/12/13 11:47:00,1404/12/13 14:17:21,13,13,0,0,Completed
PLOG-00095,ORD-1404-0095,LINE-A,PRG_ORD-1404-0095,EMP-003,1404/12/13 07:48:00,1404/12/13 21:29:26,76,75,1,9,Completed
PLOG-00096,ORD-1404-0096,LINE-A,PRG_ORD-1404-0096,EMP-004,1404/12/12 11:49:00,1404/12/12 15:10:57,133,132,1,0,Completed
PLOG-00097,ORD-1404-0097,LINE-B,PRG_ORD-1404-0097,EMP-008,1404/12/14 09:57:00,1404/12/14 12:45:48,10,10,0,0,Completed
PLOG-00098,ORD-1404-0098,LINE-A,PRG_ORD-1404-0098,EMP-004,1404/12/12 13:26:00,1404/12/13 09:56:19,153,152,1,79,Completed
PLOG-00099,ORD-1404-0099,LINE-B,PRG_ORD-1404-0099,EMP-009,1404/12/14 13:15:00,1404/12/16 09:08:20,37,37,0,139,Completed
PLOG-00100,ORD-1404-0100,LINE-A,PRG_ORD-1404-0100,EMP-002,1404/12/14 08:04:00,1404/12/14 13:27:12,21,21,0,167,Completed
PLOG-00101,ORD-1404-0101,LINE-B,PRG_ORD-1404-0101,EMP-006,1404/12/16 07:00:00,1404/12/16 09:51:25,51,50,1,0,Completed
PLOG-00102,ORD-1404-0102,LINE-A,PRG_ORD-1404-0102,EMP-004,1404/12/17 13:02:00,1404/12/17 15:20:11,12,12,0,3,Completed
PLOG-00103,ORD-1404-0103,LINE-B,PRG_ORD-1404-0103,EMP-007,1404/12/19 13:15:00,1404/12/21 11:19:26,127,126,1,0,Completed
PLOG-00104,ORD-1404-0104,LINE-B,PRG_ORD-1404-0104,EMP-010,1404/12/18 08:43:00,1404/12/18 21:11:51,79,77,2,2,Completed
PLOG-00105,ORD-1404-0105,LINE-B,PRG_ORD-1404-0105,EMP-006,1404/12/16 11:14:00,1404/12/16 15:19:08,21,21,0,0,Completed
PLOG-00106,ORD-1404-0106,LINE-A,PRG_ORD-1404-0106,EMP-004,1404/12/17 12:21:00,1404/12/17 12:56:53,15,15,0,0,Completed
PLOG-00107,ORD-1404-0107,LINE-B,PRG_ORD-1404-0107,EMP-010,1404/12/17 12:37:00,1404/12/17 18:18:18,81,80,1,20,Completed
PLOG-00108,ORD-1404-0108,LINE-B,PRG_ORD-1404-0108,EMP-009,1404/12/20 10:31:00,1404/12/20 11:45:52,34,34,0,0,Completed
PLOG-00109,ORD-1404-0109,LINE-B,PRG_ORD-1404-0109,EMP-006,1404/12/20 10:46:00,1404/12/20 13:05:01,16,16,0,0,Completed
PLOG-00110,ORD-1404-0110,LINE-A,PRG_ORD-1404-0110,EMP-001,1404/12/23 07:00:00,1404/12/23 12:00:00,35,35,0,32,Completed
PLOG-00111,ORD-1404-0111,LINE-A,PRG_ORD-1404-0111,EMP-001,1404/12/20 11:35:00,1404/12/20 12:17:02,11,11,0,14,Completed
PLOG-00112,ORD-1404-0112,LINE-B,PRG_ORD-1404-0112,EMP-010,1404/12/23 07:00:00,1404/12/23 22:10:46,147,147,0,0,Completed
PLOG-00113,ORD-1404-0113,LINE-A,PRG_ORD-1404-0113,EMP-003,1404/12/23 08:43:00,1404/12/23 10:08:54,10,10,0,0,Completed
PLOG-00114,ORD-1404-0114,LINE-A,PRG_ORD-1404-0114,EMP-003,1404/12/23 07:00:00,1404/12/23 07:56:03,9,9,0,0,Completed
PLOG-00115,ORD-1404-0115,LINE-B,PRG_ORD-1404-0115,EMP-006,1404/12/23 07:00:00,1404/12/23 13:24:00,75,75,0,61,Completed
PLOG-00116,ORD-1404-0116,LINE-A,PRG_ORD-1404-0116,EMP-001,1404/12/24 11:03:00,1404/12/24 13:22:39,149,147,2,0,Completed
PLOG-00117,ORD-1404-0117,LINE-A,PRG_ORD-1404-0117,EMP-003,1404/12/23 10:09:00,1404/12/23 11:45:35,27,27,0,0,Completed
PLOG-00118,ORD-1404-0118,LINE-A,PRG_ORD-1404-0118,EMP-005,1404/12/26 12:31:00,1404/12/26 13:42:56,21,21,0,16,Completed
PLOG-00119,ORD-1404-0119,LINE-B,PRG_ORD-1404-0119,EMP-009,1404/12/25 13:05:00,1404/12/25 19:50:44,46,45,1,0,Completed
PLOG-00120,ORD-1404-0120,LINE-B,PRG_ORD-1404-0120,EMP-008,1404/12/28 12:27:00,1405/01/01 14:49:24,70,68,2,4,Completed
PLOG-00121,ORD-1404-0121,LINE-A,PRG_ORD-1404-0121,EMP-005,1405/01/01 07:00:00,1405/01/01 10:57:19,22,22,0,16,Completed
PLOG-00122,ORD-1404-0122,LINE-B,PRG_ORD-1404-0122,EMP-007,1404/12/27 09:58:00,1404/12/27 11:33:06,26,26,0,15,Completed
PLOG-00123,ORD-1404-0123,LINE-B,PRG_ORD-1404-0123,EMP-007,1404/12/27 13:13:00,1404/12/27 14:47:39,21,21,0,10,Completed
PLOG-00124,ORD-1404-0124,LINE-B,PRG_ORD-1404-0124,EMP-007,1405/01/01 07:00:00,1405/01/01 08:17:42,7,7,0,0,Completed
PLOG-00125,ORD-1404-0125,LINE-A,PRG_ORD-1404-0125,EMP-005,1405/01/02 08:58:00,1405/01/03 22:28:25,310,303,7,0,Completed
PLOG-00126,ORD-1405-0126,LINE-B,PRG_ORD-1405-0126,EMP-009,1405/01/01 14:13:00,1405/01/01 20:35:33,249,246,3,4,Completed
PLOG-00127,ORD-1405-0127,LINE-A,PRG_ORD-1405-0127,EMP-003,1405/01/02 11:38:00,1405/01/02 14:16:56,66,64,2,0,Completed
PLOG-00128,ORD-1405-0128,LINE-A,PRG_ORD-1405-0128,EMP-001,1405/01/03 12:45:00,1405/01/03 14:20:25,10,10,0,14,Completed
PLOG-00129,ORD-1405-0129,LINE-B,PRG_ORD-1405-0129,EMP-009,1405/01/03 12:42:00,1405/01/03 13:32:50,6,6,0,0,Completed
PLOG-00130,ORD-1405-0130,LINE-B,PRG_ORD-1405-0130,EMP-007,1405/01/02 09:49:00,1405/01/02 11:44:50,42,42,0,0,Completed
PLOG-00131,ORD-1405-0131,LINE-A,PRG_ORD-1405-0131,EMP-001,1405/01/03 08:47:00,1405/01/03 09:39:15,17,17,0,0,Completed
PLOG-00132,ORD-1405-0132,LINE-A,PRG_ORD-1405-0132,EMP-003,1405/01/04 11:28:00,1405/01/04 12:03:03,21,20,1,8,Completed
PLOG-00133,ORD-1405-0133,LINE-B,PRG_ORD-1405-0133,EMP-007,1405/01/03 13:16:00,1405/01/04 07:08:09,87,83,4,0,Completed
PLOG-00134,ORD-1405-0134,LINE-A,PRG_ORD-1405-0134,EMP-005,1405/01/04 12:13:00,1405/01/04 17:28:31,33,33,0,0,Completed
PLOG-00135,ORD-1405-0135,LINE-B,PRG_ORD-1405-0135,EMP-006,1405/01/08 07:00:00,1405/01/08 13:28:31,49,48,1,0,Completed
PLOG-00136,ORD-1405-0136,LINE-B,PRG_ORD-1405-0136,EMP-010,1405/01/04 12:13:00,1405/01/05 08:29:02,73,72,1,43,Completed
PLOG-00137,ORD-1405-0137,LINE-B,PRG_ORD-1405-0137,EMP-006,1405/01/05 12:18:00,1405/01/06 08:42:00,92,90,2,0,Completed
PLOG-00138,ORD-1405-0138,LINE-B,PRG_ORD-1405-0138,EMP-006,1405/01/05 14:46:00,1405/01/05 20:14:19,77,75,2,0,Completed
PLOG-00139,ORD-1405-0139,LINE-B,PRG_ORD-1405-0139,EMP-006,1405/01/08 12:30:00,1405/01/08 14:34:42,23,23,0,7,Completed
PLOG-00140,ORD-1405-0140,LINE-A,PRG_ORD-1405-0140,EMP-005,1405/01/09 08:49:00,1405/01/09 15:27:19,174,171,3,20,Completed
PLOG-00141,ORD-1405-0141,LINE-A,PRG_ORD-1405-0141,EMP-005,1405/01/08 13:53:00,1405/01/08 15:36:59,11,11,0,0,Completed
PLOG-00142,ORD-1405-0142,LINE-B,PRG_ORD-1405-0142,EMP-006,1405/01/10 13:55:00,1405/01/10 17:26:32,24,24,0,40,Completed
PLOG-00143,ORD-1405-0143,LINE-A,PRG_ORD-1405-0143,EMP-003,1405/01/09 10:41:00,1405/01/09 20:13:21,218,212,6,17,Completed
PLOG-00144,ORD-1405-0144,LINE-B,PRG_ORD-1405-0144,EMP-010,1405/01/12 08:30:00,1405/01/12 22:46:42,187,186,1,0,Completed
PLOG-00145,ORD-1405-0145,LINE-A,PRG_ORD-1405-0145,EMP-005,1405/01/12 08:51:00,1405/01/12 10:19:11,19,19,0,0,Completed
PLOG-00146,ORD-1405-0146,LINE-B,PRG_ORD-1405-0146,EMP-010,1405/01/10 11:03:00,1405/01/10 20:38:56,83,81,2,0,Completed
PLOG-00147,ORD-1405-0147,LINE-A,PRG_ORD-1405-0147,EMP-001,1405/01/12 11:14:00,1405/01/17 17:02:59,289,284,5,0,Completed
PLOG-00148,ORD-1405-0148,LINE-B,PRG_ORD-1405-0148,EMP-009,1405/01/12 10:53:00,1405/01/24 19:15:30,916,896,20,0,Completed
PLOG-00149,ORD-1405-0149,LINE-A,PRG_ORD-1405-0149,EMP-004,1405/01/12 10:26:00,1405/01/12 12:19:12,12,12,0,13,Completed
PLOG-00150,ORD-1405-0150,LINE-B,PRG_ORD-1405-0150,EMP-009,1405/01/13 08:48:00,1405/01/13 10:45:56,26,26,0,0,Completed
PLOG-00151,ORD-1405-0151,LINE-A,PRG_ORD-1405-0151,EMP-004,1405/01/16 11:46:00,1405/01/16 12:23:35,5,5,0,0,Completed
PLOG-00152,ORD-1405-0152,LINE-A,PRG_ORD-1405-0152,EMP-002,1405/01/16 10:00:00,1405/01/17 16:43:54,166,164,2,13,Completed
PLOG-00153,ORD-1405-0153,LINE-B,PRG_ORD-1405-0153,EMP-008,1405/01/18 14:31:00,1405/01/18 22:11:57,84,83,1,0,Completed
PLOG-00154,ORD-1405-0154,LINE-B,PRG_ORD-1405-0154,EMP-010,1405/01/16 14:01:00,1405/01/16 15:28:08,23,23,0,0,Completed
PLOG-00155,ORD-1405-0155,LINE-B,PRG_ORD-1405-0155,EMP-010,1405/01/17 14:23:00,1405/01/20 10:56:04,238,235,3,0,Completed
PLOG-00156,ORD-1405-0156,LINE-A,PRG_ORD-1405-0156,EMP-002,1405/01/15 14:37:00,1405/01/15 17:34:24,30,29,1,7,Completed
PLOG-00157,ORD-1405-0157,LINE-A,PRG_ORD-1405-0157,EMP-001,1405/01/17 12:42:00,1405/01/17 14:00:26,8,8,0,7,Completed
PLOG-00158,ORD-1405-0158,LINE-A,PRG_ORD-1405-0158,EMP-001,1405/01/17 13:51:00,1405/01/17 15:27:19,43,43,0,49,Completed
PLOG-00159,ORD-1405-0159,LINE-A,PRG_ORD-1405-0159,EMP-002,1405/01/17 12:45:00,1405/01/17 13:27:24,98,95,3,3,Completed
PLOG-00160,ORD-1405-0160,LINE-A,PRG_ORD-1405-0160,EMP-005,1405/01/19 07:54:00,1405/01/19 12:30:07,32,31,1,0,Completed
PLOG-00161,ORD-1405-0161,LINE-A,PRG_ORD-1405-0161,EMP-004,1405/01/20 10:02:00,1405/01/20 13:45:27,33,33,0,0,Completed
PLOG-00162,ORD-1405-0162,LINE-B,PRG_ORD-1405-0162,EMP-008,1405/01/19 12:05:00,1405/01/19 18:17:21,65,64,1,0,Completed
PLOG-00163,ORD-1405-0163,LINE-A,PRG_ORD-1405-0163,EMP-003,1405/01/20 13:53:00,1405/01/22 09:44:20,226,225,1,15,Completed
PLOG-00164,ORD-1405-0164,LINE-A,PRG_ORD-1405-0164,EMP-005,1405/01/22 13:26:00,1405/01/22 21:45:47,69,68,1,8,Completed
PLOG-00165,ORD-1405-0165,LINE-B,PRG_ORD-1405-0165,EMP-008,1405/01/22 07:00:00,1405/01/22 08:09:31,18,18,0,15,Completed
PLOG-00166,ORD-1405-0166,LINE-A,PRG_ORD-1405-0166,EMP-005,1405/01/20 12:51:00,1405/01/22 16:15:55,99,98,1,0,Completed
PLOG-00167,ORD-1405-0167,LINE-B,PRG_ORD-1405-0167,EMP-006,1405/01/22 10:42:00,1405/01/22 21:44:24,46,46,0,7,Completed
PLOG-00168,ORD-1405-0168,LINE-A,PRG_ORD-1405-0168,EMP-005,1405/01/22 11:34:00,1405/01/22 12:04:22,7,7,0,19,Completed
PLOG-00169,ORD-1405-0169,LINE-A,PRG_ORD-1405-0169,EMP-001,1405/01/24 11:07:00,1405/01/24 12:47:51,100,95,5,0,Completed
PLOG-00170,ORD-1405-0170,LINE-B,PRG_ORD-1405-0170,EMP-006,1405/01/25 08:30:00,1405/01/25 12:24:34,46,45,1,0,Completed
PLOG-00171,ORD-1405-0171,LINE-B,PRG_ORD-1405-0171,EMP-008,1405/01/22 13:38:00,1405/01/23 18:52:26,183,177,6,0,Completed
PLOG-00172,ORD-1405-0172,LINE-B,PRG_ORD-1405-0172,EMP-007,1405/01/25 14:06:00,1405/01/25 19:01:51,60,59,1,26,Completed
PLOG-00173,ORD-1405-0173,LINE-A,PRG_ORD-1405-0173,EMP-005,1405/01/23 14:26:00,1405/01/23 14:56:38,6,6,0,0,Completed
PLOG-00174,ORD-1405-0174,LINE-B,PRG_ORD-1405-0174,EMP-008,1405/01/25 14:25:00,1405/01/25 15:27:12,5,5,0,0,Completed
PLOG-00175,ORD-1405-0175,LINE-B,PRG_ORD-1405-0175,EMP-008,1405/01/26 13:18:00,1405/01/26 17:28:32,23,23,0,0,Completed
PLOG-00176,ORD-1405-0176,LINE-B,PRG_ORD-1405-0176,EMP-006,1405/01/27 10:27:00,1405/01/27 13:40:19,18,18,0,0,Completed
PLOG-00177,ORD-1405-0177,LINE-B,PRG_ORD-1405-0177,EMP-006,1405/01/26 07:26:00,1405/01/26 12:18:38,43,41,2,10,Completed
PLOG-00178,ORD-1405-0178,LINE-A,PRG_ORD-1405-0178,EMP-003,1405/01/27 14:43:00,1405/01/29 15:16:06,37,37,0,10,Completed
PLOG-00179,ORD-1405-0179,LINE-A,PRG_ORD-1405-0179,EMP-003,1405/01/26 13:33:00,1405/01/27 13:39:52,98,93,5,0,Completed
PLOG-00180,ORD-1405-0180,LINE-A,PRG_ORD-1405-0180,EMP-004,1405/01/26 14:59:00,1405/01/30 08:02:41,165,164,1,0,Completed
PLOG-00181,ORD-1405-0181,LINE-B,PRG_ORD-1405-0181,EMP-009,1405/01/26 11:42:00,1405/01/26 13:28:13,73,73,0,0,Completed
PLOG-00182,ORD-1405-0182,LINE-B,PRG_ORD-1405-0182,EMP-006,1405/01/29 08:47:00,1405/01/29 11:11:33,69,65,4,3,Completed
PLOG-00183,ORD-1405-0183,LINE-A,PRG_ORD-1405-0183,EMP-002,1405/01/29 14:18:00,1405/01/29 18:04:53,24,22,2,28,Completed
PLOG-00184,ORD-1405-0184,LINE-A,PRG_ORD-1405-0184,EMP-005,1405/01/30 14:57:00,1405/01/30 17:32:50,23,21,2,19,Completed
PLOG-00185,ORD-1405-0185,LINE-B,PRG_ORD-1405-0185,EMP-009,1405/02/01 12:52:00,1405/02/01 13:56:09,7,7,0,0,Completed
PLOG-00186,ORD-1405-0186,LINE-B,PRG_ORD-1405-0186,EMP-009,1405/02/01 10:12:00,1405/02/01 15:37:05,38,38,0,0,Completed
PLOG-00187,ORD-1405-0187,LINE-B,PRG_ORD-1405-0187,EMP-009,1405/01/29 12:43:00,1405/01/30 18:26:56,222,219,3,0,Completed
PLOG-00188,ORD-1405-0188,LINE-B,PRG_ORD-1405-0188,EMP-009,1405/02/02 07:27:00,1405/02/02 09:30:39,20,19,1,0,Completed
PLOG-00189,ORD-1405-0189,LINE-B,PRG_ORD-1405-0189,EMP-010,1405/02/02 14:54:00,1405/02/02 18:53:10,40,40,0,7,Completed
PLOG-00190,ORD-1405-0190,LINE-B,PRG_ORD-1405-0190,EMP-010,1405/02/03 08:27:00,1405/02/03 11:49:45,24,24,0,19,Completed
PLOG-00191,ORD-1405-0191,LINE-A,PRG_ORD-1405-0191,EMP-004,1405/02/03 11:56:00,1405/02/05 16:50:03,104,101,3,30,Completed
PLOG-00192,ORD-1405-0192,LINE-B,PRG_ORD-1405-0192,EMP-009,1405/02/02 07:06:00,1405/02/02 11:19:08,97,97,0,0,Completed
PLOG-00193,ORD-1405-0193,LINE-B,PRG_ORD-1405-0193,EMP-010,1405/02/03 07:27:00,1405/02/03 12:55:48,23,22,1,0,Completed
PLOG-00194,ORD-1405-0194,LINE-A,PRG_ORD-1405-0194,EMP-004,1405/02/05 07:00:00,1405/02/05 12:10:50,42,41,1,2,Completed
PLOG-00195,ORD-1405-0195,LINE-A,PRG_ORD-1405-0195,EMP-002,1405/02/05 07:00:00,1405/02/05 10:22:07,47,46,1,16,Completed
PLOG-00196,ORD-1405-0196,LINE-B,PRG_ORD-1405-0196,EMP-007,1405/02/05 07:00:00,1405/02/05 09:19:24,71,69,2,0,Completed
PLOG-00197,ORD-1405-0197,LINE-A,PRG_ORD-1405-0197,EMP-003,1405/02/06 12:59:00,1405/02/06 17:28:02,34,34,0,13,Completed
PLOG-00198,ORD-1405-0198,LINE-B,PRG_ORD-1405-0198,EMP-010,1405/02/05 07:00:00,1405/02/05 08:15:36,93,92,1,0,Completed
PLOG-00199,ORD-1405-0199,LINE-B,PRG_ORD-1405-0199,EMP-007,1405/02/05 07:53:00,1405/02/05 19:20:56,101,98,3,0,Completed
PLOG-00200,ORD-1405-0200,LINE-B,PRG_ORD-1405-0200,EMP-009,1405/02/05 07:00:00,1405/02/05 14:49:56,29,26,3,0,Completed
PLOG-00201,ORD-1405-0201,LINE-A,PRG_ORD-1405-0201,EMP-002,1405/02/05 09:19:00,1405/02/05 15:30:36,55,55,0,7,Completed
PLOG-00202,ORD-1405-0202,LINE-B,PRG_ORD-1405-0202,EMP-007,1405/02/06 12:36:00,1405/02/06 22:10:59,61,61,0,106,Completed
PLOG-00203,ORD-1405-0203,LINE-B,PRG_ORD-1405-0203,EMP-007,1405/02/09 10:28:00,1405/02/09 11:24:41,19,18,1,0,Completed
PLOG-00204,ORD-1405-0204,LINE-A,PRG_ORD-1405-0204,EMP-001,1405/02/09 14:05:00,1405/02/09 18:55:08,38,38,0,0,Completed
PLOG-00205,ORD-1405-0205,LINE-B,PRG_ORD-1405-0205,EMP-008,1405/02/08 11:42:00,1405/02/08 14:59:18,15,15,0,17,Completed
PLOG-00206,ORD-1405-0206,LINE-A,PRG_ORD-1405-0206,EMP-002,1405/02/09 10:45:00,1405/02/09 15:46:53,40,40,0,6,Completed
PLOG-00207,ORD-1405-0207,LINE-B,PRG_ORD-1405-0207,EMP-009,1405/02/10 11:15:00,1405/02/10 14:21:26,159,157,2,0,Completed
PLOG-00208,ORD-1405-0208,LINE-B,PRG_ORD-1405-0208,EMP-010,1405/02/10 11:14:00,1405/02/10 13:15:34,25,25,0,35,Completed
PLOG-00209,ORD-1405-0209,LINE-A,PRG_ORD-1405-0209,EMP-005,1405/02/12 07:00:00,1405/02/12 07:50:42,9,9,0,5,Completed
PLOG-00210,ORD-1405-0210,LINE-B,PRG_ORD-1405-0210,EMP-009,1405/02/12 07:00:00,1405/02/12 13:07:24,90,88,2,11,Completed
PLOG-00211,ORD-1405-0211,LINE-A,PRG_ORD-1405-0211,EMP-001,1405/02/10 08:01:00,1405/02/10 11:48:34,64,64,0,0,Completed
PLOG-00212,ORD-1405-0212,LINE-B,PRG_ORD-1405-0212,EMP-006,1405/02/10 13:51:00,1405/02/12 13:50:08,109,107,2,18,Completed
PLOG-00213,ORD-1405-0213,LINE-B,PRG_ORD-1405-0213,EMP-010,1405/02/10 13:47:00,1405/02/14 17:01:07,333,331,2,0,Completed
PLOG-00214,ORD-1405-0214,LINE-A,PRG_ORD-1405-0214,EMP-004,1405/02/12 07:00:00,1405/02/13 12:22:16,266,266,0,0,Completed
PLOG-00215,ORD-1405-0215,LINE-B,PRG_ORD-1405-0215,EMP-010,1405/02/10 10:24:00,1405/02/13 11:01:17,100,97,3,19,Completed
PLOG-00216,ORD-1405-0216,LINE-B,PRG_ORD-1405-0216,EMP-007,1405/02/12 07:00:00,1405/02/12 09:03:09,22,22,0,0,Completed
PLOG-00217,ORD-1405-0217,LINE-A,PRG_ORD-1405-0217,EMP-002,1405/02/13 07:01:00,1405/02/13 09:13:35,15,15,0,2,Completed
PLOG-00218,ORD-1405-0218,LINE-B,PRG_ORD-1405-0218,EMP-008,1405/02/15 13:54:00,1405/02/15 19:38:34,29,29,0,7,Completed
PLOG-00219,ORD-1405-0219,LINE-B,PRG_ORD-1405-0219,EMP-008,1405/02/15 10:25:00,1405/02/16 09:49:41,64,62,2,13,Completed
PLOG-00220,ORD-1405-0220,LINE-B,PRG_ORD-1405-0220,EMP-010,1405/02/15 14:42:00,1405/02/15 19:12:30,30,29,1,0,Completed
PLOG-00221,ORD-1405-0221,LINE-B,PRG_ORD-1405-0221,EMP-010,1405/02/16 12:48:00,1405/02/16 20:20:04,49,49,0,0,Completed
PLOG-00222,ORD-1405-0222,LINE-A,PRG_ORD-1405-0222,EMP-001,1405/02/15 11:07:00,1405/02/15 17:57:11,82,80,2,19,Completed
PLOG-00223,ORD-1405-0223,LINE-B,PRG_ORD-1405-0223,EMP-008,1405/02/14 13:55:00,1405/02/15 18:37:41,83,82,1,0,Completed
PLOG-00224,ORD-1405-0224,LINE-B,PRG_ORD-1405-0224,EMP-007,1405/02/17 12:22:00,1405/02/21 10:33:40,321,318,3,10,Completed
PLOG-00225,ORD-1405-0225,LINE-B,PRG_ORD-1405-0225,EMP-009,1405/02/15 14:08:00,1405/02/16 08:28:00,114,113,1,0,Completed
PLOG-00226,ORD-1405-0226,LINE-A,PRG_ORD-1405-0226,EMP-004,1405/02/16 07:05:00,1405/02/16 14:33:31,133,132,1,0,Completed
PLOG-00227,ORD-1405-0227,LINE-A,PRG_ORD-1405-0227,EMP-003,1405/02/16 11:55:00,1405/02/16 16:00:21,43,43,0,19,Completed
PLOG-00228,ORD-1405-0228,LINE-A,PRG_ORD-1405-0228,EMP-003,1405/02/19 07:00:00,1405/02/19 12:30:08,100,99,1,0,Completed
PLOG-00229,ORD-1405-0229,LINE-A,PRG_ORD-1405-0229,EMP-005,1405/02/17 10:00:00,1405/02/19 07:08:30,54,54,0,0,Completed
PLOG-00230,ORD-1405-0230,LINE-B,PRG_ORD-1405-0230,EMP-010,1405/02/19 09:26:00,1405/02/19 10:02:56,7,7,0,0,Completed
PLOG-00231,ORD-1405-0231,LINE-B,PRG_ORD-1405-0231,EMP-008,1405/02/17 12:02:00,1405/02/17 14:21:02,14,14,0,0,Completed
PLOG-00232,ORD-1405-0232,LINE-A,PRG_ORD-1405-0232,EMP-003,1405/02/19 14:46:00,1405/02/19 18:46:39,121,119,2,7,Completed
PLOG-00233,ORD-1405-0233,LINE-B,PRG_ORD-1405-0233,EMP-008,1405/02/22 14:44:00,1405/02/23 19:14:07,144,142,2,0,Completed
PLOG-00234,ORD-1405-0234,LINE-A,PRG_ORD-1405-0234,EMP-002,1405/02/22 13:03:00,1405/02/22 15:45:38,96,95,1,10,Completed
PLOG-00235,ORD-1405-0235,LINE-B,PRG_ORD-1405-0235,EMP-009,1405/02/22 07:35:00,1405/02/22 11:33:00,30,29,1,9,Completed
PLOG-00236,ORD-1405-0236,LINE-A,PRG_ORD-1405-0236,EMP-001,1405/02/23 14:18:00,1405/02/23 17:07:45,11,11,0,0,Completed
PLOG-00237,ORD-1405-0237,LINE-B,PRG_ORD-1405-0237,EMP-010,1405/02/21 14:34:00,1405/02/22 10:45:52,116,115,1,0,Completed
PLOG-00238,ORD-1405-0238,LINE-B,PRG_ORD-1405-0238,EMP-008,1405/02/22 07:15:00,1405/02/22 09:53:34,50,50,0,0,Completed
PLOG-00239,ORD-1405-0239,LINE-A,PRG_ORD-1405-0239,EMP-003,1405/02/21 14:39:00,1405/02/23 09:20:07,154,150,4,0,Completed
PLOG-00240,ORD-1405-0240,LINE-A,PRG_ORD-1405-0240,EMP-003,1405/02/23 07:20:00,1405/02/24 08:08:39,90,89,1,119,Completed
PLOG-00241,ORD-1405-0241,LINE-B,PRG_ORD-1405-0241,EMP-010,1405/02/22 13:19:00,1405/02/22 18:40:20,31,31,0,0,Completed
PLOG-00242,ORD-1405-0242,LINE-B,PRG_ORD-1405-0242,EMP-006,1405/02/26 11:18:00,1405/02/29 14:33:27,402,400,2,0,Completed
PLOG-00243,ORD-1405-0243,LINE-A,PRG_ORD-1405-0243,EMP-005,1405/02/26 07:00:00,1405/02/26 15:30:40,58,57,1,0,Completed
PLOG-00244,ORD-1405-0244,LINE-B,PRG_ORD-1405-0244,EMP-010,1405/02/26 13:51:00,1405/02/26 15:06:58,43,42,1,0,Completed
PLOG-00245,ORD-1405-0245,LINE-B,PRG_ORD-1405-0245,EMP-009,1405/02/27 11:25:00,1405/02/27 19:16:16,61,60,1,0,Completed
PLOG-00246,ORD-1405-0246,LINE-A,PRG_ORD-1405-0246,EMP-002,1405/02/24 13:47:00,1405/02/26 09:00:39,38,38,0,11,Completed
PLOG-00247,ORD-1405-0247,LINE-A,PRG_ORD-1405-0247,EMP-005,1405/02/26 13:59:00,1405/02/26 19:07:19,58,57,1,5,Completed
PLOG-00248,ORD-1405-0248,LINE-B,PRG_ORD-1405-0248,EMP-006,1405/02/27 10:47:00,1405/02/27 11:31:29,5,5,0,12,Completed
PLOG-00249,ORD-1405-0249,LINE-B,PRG_ORD-1405-0249,EMP-009,1405/02/30 11:39:00,1405/02/30 13:06:00,25,25,0,10,Completed
PLOG-00250,ORD-1405-0250,LINE-A,PRG_ORD-1405-0250,EMP-002,1405/02/29 07:05:00,1405/02/29 14:09:24,53,53,0,0,Completed
PLOG-00251,ORD-1405-0251,LINE-B,PRG_ORD-1405-0251,EMP-006,1405/02/29 13:28:00,1405/02/30 16:52:54,205,201,4,94,Completed
PLOG-00252,ORD-1405-0252,LINE-B,PRG_ORD-1405-0252,EMP-010,1405/02/31 14:57:00,1405/03/02 07:38:25,6,6,0,2,Completed
PLOG-00253,ORD-1405-0253,LINE-B,PRG_ORD-1405-0253,EMP-006,1405/02/31 07:39:00,1405/02/31 10:06:35,19,19,0,0,Completed
PLOG-00254,ORD-1405-0254,LINE-A,PRG_ORD-1405-0254,EMP-004,1405/02/30 09:54:00,1405/02/30 12:50:26,78,76,2,0,Completed
PLOG-00255,ORD-1405-0255,LINE-A,PRG_ORD-1405-0255,EMP-002,1405/03/02 07:00:00,1405/03/03 17:56:15,187,185,2,17,Completed
PLOG-00256,ORD-1405-0256,LINE-B,PRG_ORD-1405-0256,EMP-007,1405/02/31 12:22:00,1405/02/31 14:06:57,12,12,0,0,Completed
PLOG-00257,ORD-1405-0257,LINE-A,PRG_ORD-1405-0257,EMP-003,1405/03/02 08:09:00,1405/03/02 15:06:41,258,257,1,0,Completed
PLOG-00258,ORD-1405-0258,LINE-A,PRG_ORD-1405-0258,EMP-002,1405/03/02 07:00:00,1405/03/02 09:49:26,51,50,1,10,Completed
PLOG-00259,ORD-1405-0259,LINE-A,PRG_ORD-1405-0259,EMP-001,1405/03/02 07:00:00,1405/03/02 08:20:42,26,25,1,5,Completed
PLOG-00260,ORD-1405-0260,LINE-B,PRG_ORD-1405-0260,EMP-010,1405/03/02 07:00:00,1405/03/02 11:50:38,22,22,0,0,Completed
PLOG-00261,ORD-1405-0261,LINE-A,PRG_ORD-1405-0261,EMP-002,1405/02/31 07:01:00,1405/03/02 09:39:54,115,113,2,0,Completed
PLOG-00262,ORD-1405-0262,LINE-A,PRG_ORD-1405-0262,EMP-001,1405/03/02 09:05:00,1405/03/02 15:14:06,32,31,1,0,Completed
PLOG-00263,ORD-1405-0263,LINE-B,PRG_ORD-1405-0263,EMP-009,1405/03/03 09:02:00,1405/03/03 10:42:24,20,20,0,0,Completed
PLOG-00264,ORD-1405-0264,LINE-B,PRG_ORD-1405-0264,EMP-010,1405/03/05 10:51:00,1405/03/05 21:46:50,138,138,0,0,Completed
PLOG-00265,ORD-1405-0265,LINE-B,PRG_ORD-1405-0265,EMP-010,1405/03/05 10:57:00,1405/03/05 11:25:58,11,11,0,0,Completed
PLOG-00266,ORD-1405-0266,LINE-A,PRG_ORD-1405-0266,EMP-002,1405/03/06 12:43:00,1405/03/10 19:53:39,181,174,7,101,Completed
PLOG-00267,ORD-1405-0267,LINE-B,PRG_ORD-1405-0267,EMP-008,1405/03/09 08:25:00,1405/03/09 08:53:27,33,33,0,17,Completed
PLOG-00268,ORD-1405-0268,LINE-A,PRG_ORD-1405-0268,EMP-004,1405/03/09 11:43:00,1405/03/09 15:27:54,41,41,0,4,Completed
PLOG-00269,ORD-1405-0269,LINE-A,PRG_ORD-1405-0269,EMP-004,1405/03/06 12:44:00,1405/03/06 14:32:31,11,11,0,17,Completed
PLOG-00270,ORD-1405-0270,LINE-B,PRG_ORD-1405-0270,EMP-010,1405/03/12 10:06:00,1405/03/13 22:27:22,321,312,9,0,Completed
PLOG-00271,ORD-1405-0271,LINE-B,PRG_ORD-1405-0271,EMP-009,1405/03/12 07:45:00,1405/03/12 16:53:09,39,39,0,0,Completed
PLOG-00272,ORD-1405-0272,LINE-A,PRG_ORD-1405-0272,EMP-005,1405/03/11 10:22:00,1405/03/11 13:48:30,41,41,0,0,Completed
PLOG-00273,ORD-1405-0273,LINE-A,PRG_ORD-1405-0273,EMP-005,1405/03/11 12:05:00,1405/03/12 16:57:24,157,156,1,0,Completed
PLOG-00274,ORD-1405-0274,LINE-B,PRG_ORD-1405-0274,EMP-008,1405/03/10 08:30:00,1405/03/10 09:42:43,42,41,1,11,Completed
PLOG-00275,ORD-1405-0275,LINE-B,PRG_ORD-1405-0275,EMP-010,1405/03/12 11:52:00,1405/03/12 17:10:54,30,29,1,191,Completed
PLOG-00276,ORD-1405-0276,LINE-B,PRG_ORD-1405-0276,EMP-009,1405/03/10 14:14:00,1405/03/10 16:17:57,27,27,0,0,Completed
PLOG-00277,ORD-1405-0277,LINE-A,PRG_ORD-1405-0277,EMP-001,1405/03/12 09:24:00,1405/03/12 12:40:34,63,63,0,0,Completed
PLOG-00278,ORD-1405-0278,LINE-A,PRG_ORD-1405-0278,EMP-005,1405/03/13 12:06:00,1405/03/13 12:59:45,29,29,0,0,Completed
PLOG-00279,ORD-1405-0279,LINE-B,PRG_ORD-1405-0279,EMP-010,1405/03/14 09:38:00,1405/03/14 11:24:31,17,17,0,0,Completed
PLOG-00280,ORD-1405-0280,LINE-B,PRG_ORD-1405-0280,EMP-008,1405/03/13 13:44:00,1405/03/13 19:55:08,34,34,0,0,Completed
PLOG-00281,ORD-1405-0281,LINE-B,PRG_ORD-1405-0281,EMP-006,1405/03/11 09:17:00,1405/03/11 14:52:49,85,84,1,4,Completed
PLOG-00282,ORD-1405-0282,LINE-A,PRG_ORD-1405-0282,EMP-002,1405/03/14 07:11:00,1405/03/14 11:11:14,34,33,1,0,Completed
PLOG-00283,ORD-1405-0283,LINE-B,PRG_ORD-1405-0283,EMP-008,1405/03/17 07:06:00,1405/03/18 07:50:50,112,110,2,13,Completed
PLOG-00284,ORD-1405-0284,LINE-A,PRG_ORD-1405-0284,EMP-001,1405/03/16 07:00:00,1405/03/16 19:14:17,79,78,1,7,Completed
PLOG-00285,ORD-1405-0285,LINE-A,PRG_ORD-1405-0285,EMP-002,1405/03/19 14:18:00,1405/03/19 20:02:58,46,46,0,0,Completed
PLOG-00286,ORD-1405-0286,LINE-A,PRG_ORD-1405-0286,EMP-001,1405/03/18 07:58:00,1405/03/18 12:30:00,50,50,0,0,Completed
PLOG-00287,ORD-1405-0287,LINE-A,PRG_ORD-1405-0287,EMP-005,1405/03/16 08:27:00,1405/03/16 12:38:49,48,48,0,0,Completed
PLOG-00288,ORD-1405-0288,LINE-A,PRG_ORD-1405-0288,EMP-001,1405/03/17 12:35:00,1405/03/17 20:06:03,48,48,0,0,Completed
PLOG-00289,ORD-1405-0289,LINE-A,PRG_ORD-1405-0289,EMP-003,1405/03/17 12:32:00,1405/03/18 11:12:44,67,66,1,50,Completed
PLOG-00290,ORD-1405-0290,LINE-A,PRG_ORD-1405-0290,EMP-004,1405/03/18 12:31:00,1405/03/18 13:48:10,22,21,1,0,Completed
PLOG-00291,ORD-1405-0291,LINE-A,PRG_ORD-1405-0291,EMP-003,1405/03/20 14:02:00,1405/03/20 15:00:24,6,6,0,0,Completed
PLOG-00292,ORD-1405-0292,LINE-B,PRG_ORD-1405-0292,EMP-007,1405/03/20 10:10:00,1405/03/20 13:27:52,27,26,1,12,Completed
PLOG-00293,ORD-1405-0293,LINE-A,PRG_ORD-1405-0293,EMP-005,1405/03/19 07:14:00,1405/03/19 16:14:30,66,65,1,0,Completed
PLOG-00294,ORD-1405-0294,LINE-A,PRG_ORD-1405-0294,EMP-001,1405/03/21 08:24:00,1405/03/21 09:49:44,10,10,0,0,Completed
PLOG-00295,ORD-1405-0295,LINE-B,PRG_ORD-1405-0295,EMP-007,1405/03/21 09:56:00,1405/03/21 11:58:13,38,38,0,14,Completed
PLOG-00296,ORD-1405-0296,LINE-B,PRG_ORD-1405-0296,EMP-010,1405/03/21 08:08:00,1405/03/24 17:29:36,154,153,1,0,Completed
PLOG-00297,ORD-1405-0297,LINE-A,PRG_ORD-1405-0297,EMP-004,1405/03/23 07:00:00,1405/03/23 13:36:52,124,121,3,19,Completed
PLOG-00298,ORD-1405-0298,LINE-A,PRG_ORD-1405-0298,EMP-001,1405/03/23 07:00:00,1405/03/23 11:40:25,60,59,1,192,Completed
PLOG-00299,ORD-1405-0299,LINE-A,PRG_ORD-1405-0299,EMP-002,1405/03/24 14:30:00,1405/03/26 09:35:55,149,146,3,0,Completed
PLOG-00300,ORD-1405-0300,LINE-B,PRG_ORD-1405-0300,EMP-008,1405/03/25 07:41:00,1405/03/26 21:07:48,179,174,5,3,Completed
PLOG-00301,ORD-1405-0301,LINE-B,PRG_ORD-1405-0301,EMP-009,1405/03/27 11:38:00,1405/03/28 13:35:48,140,139,1,18,Completed
PLOG-00302,ORD-1405-0302,LINE-A,PRG_ORD-1405-0302,EMP-001,1405/03/27 11:30:00,1405/03/27 15:09:58,60,58,2,120,Completed
PLOG-00303,ORD-1405-0303,LINE-B,PRG_ORD-1405-0303,EMP-007,1405/03/27 14:25:00,1405/03/30 16:57:27,117,112,5,0,Completed
PLOG-00304,ORD-1405-0304,LINE-A,PRG_ORD-1405-0304,EMP-003,1405/03/26 11:52:00,1405/03/27 16:28:24,141,138,3,14,Completed
PLOG-00305,ORD-1405-0305,LINE-B,PRG_ORD-1405-0305,EMP-007,1405/03/27 13:55:00,1405/03/28 10:12:03,117,117,0,0,Completed
PLOG-00306,ORD-1405-0306,LINE-B,PRG_ORD-1405-0306,EMP-006,1405/03/30 07:01:00,1405/03/30 11:23:49,71,69,2,17,Completed
PLOG-00307,ORD-1405-0307,LINE-A,PRG_ORD-1405-0307,EMP-002,1405/03/30 10:08:00,1405/03/30 13:17:27,60,60,0,10,Completed
PLOG-00308,ORD-1405-0308,LINE-A,PRG_ORD-1405-0308,EMP-004,1405/03/30 07:00:00,1405/03/30 10:36:08,32,30,2,0,Completed
PLOG-00309,ORD-1405-0309,LINE-B,PRG_ORD-1405-0309,EMP-009,1405/03/28 10:18:00,1405/03/28 11:06:25,7,7,0,23,Completed
PLOG-00310,ORD-1405-0310,LINE-A,PRG_ORD-1405-0310,EMP-005,1405/04/01 12:06:00,1405/04/01 14:19:30,19,19,0,0,Completed
PLOG-00311,ORD-1405-0311,LINE-B,PRG_ORD-1405-0311,EMP-010,1405/04/03 08:18:00,1405/04/03 13:58:43,42,42,0,0,Completed
PLOG-00312,ORD-1405-0312,LINE-A,PRG_ORD-1405-0312,EMP-003,1405/04/02 11:51:00,1405/04/02 16:15:03,58,57,1,4,Completed
PLOG-00313,ORD-1405-0313,LINE-B,PRG_ORD-1405-0313,EMP-006,1405/04/03 14:20:00,1405/04/03 18:17:29,67,67,0,19,Completed
PLOG-00314,ORD-1405-0314,LINE-A,PRG_ORD-1405-0314,EMP-002,1405/04/01 11:54:00,1405/04/01 14:42:53,29,29,0,0,Completed
PLOG-00315,ORD-1405-0315,LINE-B,PRG_ORD-1405-0315,EMP-008,1405/04/04 13:38:00,1405/04/06 08:25:36,56,54,2,0,Completed
PLOG-00316,ORD-1405-0316,LINE-B,PRG_ORD-1405-0316,EMP-008,1405/04/03 08:59:00,1405/04/03 10:40:32,22,22,0,0,Completed
PLOG-00317,ORD-1405-0317,LINE-A,PRG_ORD-1405-0317,EMP-002,1405/04/06 09:22:00,1405/04/06 10:38:10,39,39,0,0,Completed
PLOG-00318,ORD-1405-0318,LINE-B,PRG_ORD-1405-0318,EMP-006,1405/04/04 12:10:00,1405/04/10 16:36:46,408,403,5,26,Completed
PLOG-00319,ORD-1405-0319,LINE-A,PRG_ORD-1405-0319,EMP-001,1405/04/06 07:00:00,1405/04/07 13:06:53,99,98,1,22,Completed
PLOG-00320,ORD-1405-0320,LINE-B,PRG_ORD-1405-0320,EMP-008,1405/04/06 07:00:00,1405/04/06 13:30:19,56,56,0,0,Completed
PLOG-00321,ORD-1405-0321,LINE-A,PRG_ORD-1405-0321,EMP-002,1405/04/06 13:16:00,1405/04/06 13:51:12,10,10,0,0,Completed
PLOG-00322,ORD-1405-0322,LINE-B,PRG_ORD-1405-0322,EMP-006,1405/04/06 07:00:00,1405/04/06 11:13:50,21,21,0,75,Completed
PLOG-00323,ORD-1405-0323,LINE-A,PRG_ORD-1405-0323,EMP-004,1405/04/09 10:10:00,1405/04/10 09:13:34,108,108,0,0,Completed
PLOG-00324,ORD-1405-0324,LINE-B,PRG_ORD-1405-0324,EMP-009,1405/04/08 12:19:00,1405/04/09 21:35:42,100,99,1,11,Completed
PLOG-00325,ORD-1405-0325,LINE-A,PRG_ORD-1405-0325,EMP-003,1405/04/07 12:23:00,1405/04/07 13:25:50,15,15,0,0,Completed
PLOG-00326,ORD-1405-0326,LINE-A,PRG_ORD-1405-0326,EMP-003,1405/04/08 14:29:00,1405/04/08 16:04:07,11,11,0,0,Completed
PLOG-00327,ORD-1405-0327,LINE-A,PRG_ORD-1405-0327,EMP-004,1405/04/06 11:19:00,1405/04/06 13:43:26,37,35,2,3,Completed
PLOG-00328,ORD-1405-0328,LINE-B,PRG_ORD-1405-0328,EMP-006,1405/04/09 12:35:00,1405/04/09 14:52:57,18,18,0,0,Completed
PLOG-00329,ORD-1405-0329,LINE-B,PRG_ORD-1405-0329,EMP-008,1405/04/10 14:00:00,1405/04/10 19:37:29,68,67,1,0,Completed
PLOG-00330,ORD-1405-0330,LINE-A,PRG_ORD-1405-0330,EMP-005,1405/04/09 10:20:00,1405/04/09 20:06:20,57,57,0,0,Completed
PLOG-00331,ORD-1405-0331,LINE-B,PRG_ORD-1405-0331,EMP-007,1405/04/10 08:02:00,1405/04/10 13:33:15,22,21,1,31,Completed
PLOG-00332,ORD-1405-0332,LINE-B,PRG_ORD-1405-0332,EMP-006,1405/04/11 08:08:00,1405/04/13 08:45:48,120,119,1,0,Completed
PLOG-00333,ORD-1405-0333,LINE-B,PRG_ORD-1405-0333,EMP-008,1405/04/13 07:00:00,1405/04/14 22:28:47,122,119,3,149,Completed
PLOG-00334,ORD-1405-0334,LINE-B,PRG_ORD-1405-0334,EMP-009,1405/04/11 12:08:00,1405/04/11 13:37:00,14,14,0,0,Completed
PLOG-00335,ORD-1405-0335,LINE-A,PRG_ORD-1405-0335,EMP-002,1405/04/13 07:00:00,1405/04/13 08:17:47,19,19,0,0,Completed
PLOG-00336,ORD-1405-0336,LINE-B,PRG_ORD-1405-0336,EMP-007,1405/04/14 08:57:00,1405/04/14 10:54:44,16,16,0,12,Completed
PLOG-00337,ORD-1405-0337,LINE-A,PRG_ORD-1405-0337,EMP-001,1405/04/13 07:00:00,1405/04/13 10:38:54,31,31,0,0,Completed
PLOG-00338,ORD-1405-0338,LINE-A,PRG_ORD-1405-0338,EMP-004,1405/04/14 13:05:00,1405/04/14 21:50:17,137,136,1,0,Completed
PLOG-00339,ORD-1405-0339,LINE-A,PRG_ORD-1405-0339,EMP-005,1405/04/13 09:17:00,1405/04/13 11:28:05,40,40,0,0,Completed
PLOG-00340,ORD-1405-0340,LINE-B,PRG_ORD-1405-0340,EMP-006,1405/04/16 10:25:00,1405/04/16 11:38:57,13,13,0,19,Completed
PLOG-00341,ORD-1405-0341,LINE-A,PRG_ORD-1405-0341,EMP-002,1405/04/14 12:07:00,1405/04/14 19:39:46,55,54,1,0,Completed
PLOG-00342,ORD-1405-0342,LINE-A,PRG_ORD-1405-0342,EMP-005,1405/04/15 13:41:00,1405/04/15 15:04:38,12,11,1,0,Completed
PLOG-00343,ORD-1405-0343,LINE-B,PRG_ORD-1405-0343,EMP-010,1405/04/17 11:39:00,1405/04/17 17:27:51,50,48,2,19,Completed
PLOG-00344,ORD-1405-0344,LINE-A,PRG_ORD-1405-0344,EMP-003,1405/04/20 07:00:00,1405/04/22 08:51:35,144,139,5,0,Completed
PLOG-00345,ORD-1405-0345,LINE-B,PRG_ORD-1405-0345,EMP-008,1405/04/16 09:56:00,1405/04/16 12:50:51,25,25,0,36,Completed
PLOG-00346,ORD-1405-0346,LINE-A,PRG_ORD-1405-0346,EMP-002,1405/04/20 14:22:00,1405/04/22 19:02:32,379,375,4,23,Completed
PLOG-00347,ORD-1405-0347,LINE-B,PRG_ORD-1405-0347,EMP-007,1405/04/20 07:00:00,1405/04/20 08:24:16,14,14,0,0,Completed
PLOG-00348,ORD-1405-0348,LINE-A,PRG_ORD-1405-0348,EMP-003,1405/04/17 11:33:00,1405/04/20 09:18:34,218,215,3,0,Completed
PLOG-00349,ORD-1405-0349,LINE-A,PRG_ORD-1405-0349,EMP-005,1405/04/17 09:33:00,1405/04/17 19:36:12,42,40,2,0,Completed
PLOG-00350,ORD-1405-0350,LINE-A,PRG_ORD-1405-0350,EMP-003,1405/04/20 13:15:00,1405/04/20 14:56:39,15,15,0,5,Completed
PLOG-00351,ORD-1405-0351,LINE-A,PRG_ORD-1405-0351,EMP-003,1405/04/18 08:17:00,1405/04/20 08:59:05,60,59,1,0,Completed
PLOG-00352,ORD-1405-0352,LINE-B,PRG_ORD-1405-0352,EMP-008,1405/04/21 12:51:00,1405/04/21 13:50:32,7,7,0,11,Completed
PLOG-00353,ORD-1405-0353,LINE-A,PRG_ORD-1405-0353,EMP-002,1405/04/21 08:14:00,1405/04/21 09:20:51,11,11,0,13,Completed
PLOG-00354,ORD-1405-0354,LINE-A,PRG_ORD-1405-0354,EMP-005,1405/04/22 09:53:00,1405/04/22 21:22:28,67,66,1,0,Completed
PLOG-00355,ORD-1405-0355,LINE-A,PRG_ORD-1405-0355,EMP-005,1405/04/21 14:19:00,1405/04/22 10:56:41,85,83,2,0,Completed
PLOG-00356,ORD-1405-0356,LINE-A,PRG_ORD-1405-0356,EMP-004,1405/04/24 08:09:00,1405/04/24 17:38:12,83,82,1,22,Completed
PLOG-00357,ORD-1405-0357,LINE-B,PRG_ORD-1405-0357,EMP-010,1405/04/22 13:38:00,1405/04/22 20:43:10,59,57,2,8,Completed
PLOG-00358,ORD-1405-0358,LINE-B,PRG_ORD-1405-0358,EMP-010,1405/04/23 09:04:00,1405/04/23 13:32:01,61,61,0,15,Completed
PLOG-00359,ORD-1405-0359,LINE-A,PRG_ORD-1405-0359,EMP-001,1405/04/25 09:35:00,1405/04/27 15:21:24,58,56,2,0,Completed
PLOG-00360,ORD-1405-0360,LINE-B,PRG_ORD-1405-0360,EMP-006,1405/04/25 12:01:00,1405/04/25 14:53:58,22,22,0,0,Completed
PLOG-00361,ORD-1405-0361,LINE-A,PRG_ORD-1405-0361,EMP-003,1405/04/23 07:27:00,1405/04/24 09:31:38,87,85,2,8,Completed
PLOG-00362,ORD-1405-0362,LINE-A,PRG_ORD-1405-0362,EMP-004,1405/04/24 11:11:00,1405/04/25 07:37:15,76,76,0,14,Completed
PLOG-00363,ORD-1405-0363,LINE-A,PRG_ORD-1405-0363,EMP-004,1405/04/27 07:00:00,1405/05/03 14:48:04,454,448,6,0,Completed
PLOG-00364,ORD-1405-0364,LINE-A,PRG_ORD-1405-0364,EMP-001,1405/04/27 08:46:00,1405/04/27 10:47:39,9,9,0,0,Completed
PLOG-00365,ORD-1405-0365,LINE-B,PRG_ORD-1405-0365,EMP-008,1405/04/27 07:00:00,1405/04/27 17:13:55,89,88,1,0,Completed
PLOG-00366,ORD-1405-0366,LINE-A,PRG_ORD-1405-0366,EMP-002,1405/04/27 13:10:00,1405/04/27 16:37:47,23,23,0,0,Completed
PLOG-00367,ORD-1405-0367,LINE-A,PRG_ORD-1405-0367,EMP-001,1405/04/29 11:15:00,1405/04/30 14:35:58,371,367,4,0,Completed
PLOG-00368,ORD-1405-0368,LINE-A,PRG_ORD-1405-0368,EMP-005,1405/04/28 10:09:00,1405/04/28 12:11:03,49,49,0,0,Completed
PLOG-00369,ORD-1405-0369,LINE-B,PRG_ORD-1405-0369,EMP-009,1405/04/30 08:51:00,1405/04/30 13:28:57,78,78,0,173,Completed
PLOG-00370,ORD-1405-0370,LINE-B,PRG_ORD-1405-0370,EMP-010,1405/04/28 13:16:00,1405/04/29 13:27:02,104,100,4,0,Completed
